{
  "id": "ACME",
  "realm": "ACME",
  "notBefore": 0,
  "revokeRefreshToken": false,
  "accessTokenLifespan": 1800,
  "accessTokenLifespanForImplicitFlow": 1800,
  "ssoSessionIdleTimeout": 1800,
  "ssoSessionMaxLifespan": 36000,
  "offlineSessionIdleTimeout": 2592000,
  "accessCodeLifespan": 60,
  "accessCodeLifespanUserAction": 300,
  "accessCodeLifespanLogin": 1800,
  "actionTokenGeneratedByAdminLifespan": 43200,
  "actionTokenGeneratedByUserLifespan": 300,
  "enabled": true,
  "sslRequired": "external",
  "registrationAllowed": false,
  "registrationEmailAsUsername": false,
  "rememberMe": false,
  "verifyEmail": false,
  "loginWithEmailAllowed": true,
  "duplicateEmailsAllowed": false,
  "resetPasswordAllowed": false,
  "editUsernameAllowed": false,
  "bruteForceProtected": false,
  "permanentLockout": false,
  "maxFailureWaitSeconds": 900,
  "minimumQuickLoginWaitSeconds": 60,
  "waitIncrementSeconds": 60,
  "quickLoginCheckMilliSeconds": 1000,
  "maxDeltaTimeSeconds": 43200,
  "failureFactor": 30,
  "roles": {
    "realm": [
      {
        "id": "4a5eac14-5605-459a-9f77-5a36c4533eb3",
        "name": "uma_authorization",
        "description": "${role_uma_authorization}",
        "scopeParamRequired": false,
        "composite": false,
        "clientRole": false,
        "containerId": "ACME"
      },
      {
        "id": "1043b70a-f4c3-453c-8779-595e99352aea",
        "name": "offline_access",
        "description": "${role_offline-access}",
        "scopeParamRequired": true,
        "composite": false,
        "clientRole": false,
        "containerId": "ACME"
      },
      {
        "id": "0e8c20e7-5a9c-4c90-a67f-e6bc4c63102c",
        "name": "admin",
        "scopeParamRequired": false,
        "composite": false,
        "clientRole": false,
        "containerId": "ACME"
      }
    ],
    "client": {
      "realm-management": [
        {
          "id": "3486bdd4-bca3-4486-9542-7d03d8b0c050",
          "name": "query-users",
          "description": "${role_query-users}",
          "scopeParamRequired": false,
          "composite": false,
          "clientRole": true,
          "containerId": "690741fd-7d2a-4072-b0a5-126c79911a1c"
        },
        {
          "id": "27d3ff7e-d6ab-4319-80f6-84d59e22290d",
          "name": "manage-realm",
          "description": "${role_manage-realm}",
          "scopeParamRequired": false,
          "composite": false,
          "clientRole": true,
          "containerId": "690741fd-7d2a-4072-b0a5-126c79911a1c"
        },
        {
          "id": "7114544a-f4ac-4612-950c-452b1d455027",
          "name": "manage-users",
          "description": "${role_manage-users}",
          "scopeParamRequired": false,
          "composite": false,
          "clientRole": true,
          "containerId": "690741fd-7d2a-4072-b0a5-126c79911a1c"
        },
        {
          "id": "fae3202d-647d-4262-84e4-94bcb3b40e5e",
          "name": "view-authorization",
          "description": "${role_view-authorization}",
          "scopeParamRequired": false,
          "composite": false,
          "clientRole": true,
          "containerId": "690741fd-7d2a-4072-b0a5-126c79911a1c"
        },
        {
          "id": "08ea6a69-99bf-47c9-9407-9531b348b762",
          "name": "manage-authorization",
          "description": "${role_manage-authorization}",
          "scopeParamRequired": false,
          "composite": false,
          "clientRole": true,
          "containerId": "690741fd-7d2a-4072-b0a5-126c79911a1c"
        },
        {
          "id": "d94e25c8-864e-4034-b1e1-66d5ea59e34b",
          "name": "query-groups",
          "description": "${role_query-groups}",
          "scopeParamRequired": false,
          "composite": false,
          "clientRole": true,
          "containerId": "690741fd-7d2a-4072-b0a5-126c79911a1c"
        },
        {
          "id": "310f3f9e-7c45-4b1a-9802-117dbed81357",
          "name": "realm-admin",
          "description": "${role_realm-admin}",
          "scopeParamRequired": false,
          "composite": true,
          "composites": {
            "client": {
              "realm-management": [
                "query-users",
                "manage-realm",
                "manage-users",
                "view-authorization",
                "manage-authorization",
                "query-groups",
                "query-realms",
                "manage-identity-providers",
                "create-client",
                "view-realm",
                "query-clients",
                "manage-events",
                "view-identity-providers",
                "view-users",
                "manage-clients",
                "impersonation",
                "view-events",
                "view-clients"
              ]
            }
          },
          "clientRole": true,
          "containerId": "690741fd-7d2a-4072-b0a5-126c79911a1c"
        },
        {
          "id": "8173bc5b-6a83-428e-acf2-1225a78632c3",
          "name": "query-realms",
          "description": "${role_query-realms}",
          "scopeParamRequired": false,
          "composite": false,
          "clientRole": true,
          "containerId": "690741fd-7d2a-4072-b0a5-126c79911a1c"
        },
        {
          "id": "09eec4fc-16dd-459d-b31b-b2eb1d5974aa",
          "name": "manage-identity-providers",
          "description": "${role_manage-identity-providers}",
          "scopeParamRequired": false,
          "composite": false,
          "clientRole": true,
          "containerId": "690741fd-7d2a-4072-b0a5-126c79911a1c"
        },
        {
          "id": "8518baf2-df5a-4176-a3a6-21c2531b3059",
          "name": "create-client",
          "description": "${role_create-client}",
          "scopeParamRequired": false,
          "composite": false,
          "clientRole": true,
          "containerId": "690741fd-7d2a-4072-b0a5-126c79911a1c"
        },
        {
          "id": "01bf9f16-3c08-4f03-8f91-6f0fa5b9336d",
          "name": "view-realm",
          "description": "${role_view-realm}",
          "scopeParamRequired": false,
          "composite": false,
          "clientRole": true,
          "containerId": "690741fd-7d2a-4072-b0a5-126c79911a1c"
        },
        {
          "id": "d4558e80-b10f-444c-8afc-21c78e7097a1",
          "name": "query-clients",
          "description": "${role_query-clients}",
          "scopeParamRequired": false,
          "composite": false,
          "clientRole": true,
          "containerId": "690741fd-7d2a-4072-b0a5-126c79911a1c"
        },
        {
          "id": "b0f590a6-0169-4d5a-b83f-5ea480cf9690",
          "name": "manage-events",
          "description": "${role_manage-events}",
          "scopeParamRequired": false,
          "composite": false,
          "clientRole": true,
          "containerId": "690741fd-7d2a-4072-b0a5-126c79911a1c"
        },
        {
          "id": "952189e9-a2f3-4304-8aac-40f5f0400ecd",
          "name": "view-identity-providers",
          "description": "${role_view-identity-providers}",
          "scopeParamRequired": false,
          "composite": false,
          "clientRole": true,
          "containerId": "690741fd-7d2a-4072-b0a5-126c79911a1c"
        },
        {
          "id": "f651504c-1bc3-46ee-8740-bc7bbeede609",
          "name": "view-users",
          "description": "${role_view-users}",
          "scopeParamRequired": false,
          "composite": true,
          "composites": {
            "client": {
              "realm-management": [
                "query-users",
                "query-groups"
              ]
            }
          },
          "clientRole": true,
          "containerId": "690741fd-7d2a-4072-b0a5-126c79911a1c"
        },
        {
          "id": "da46cac0-1a32-49b1-8d8f-8006ae452f77",
          "name": "manage-clients",
          "description": "${role_manage-clients}",
          "scopeParamRequired": false,
          "composite": false,
          "clientRole": true,
          "containerId": "690741fd-7d2a-4072-b0a5-126c79911a1c"
        },
        {
          "id": "c983216a-7cc1-4239-8c52-70921ef013f4",
          "name": "impersonation",
          "description": "${role_impersonation}",
          "scopeParamRequired": false,
          "composite": false,
          "clientRole": true,
          "containerId": "690741fd-7d2a-4072-b0a5-126c79911a1c"
        },
        {
          "id": "8e94376c-38ed-438f-abf2-32a267004d14",
          "name": "view-events",
          "description": "${role_view-events}",
          "scopeParamRequired": false,
          "composite": false,
          "clientRole": true,
          "containerId": "690741fd-7d2a-4072-b0a5-126c79911a1c"
        },
        {
          "id": "a56f04c2-a400-4f9e-842e-e74e1e496c6a",
          "name": "view-clients",
          "description": "${role_view-clients}",
          "scopeParamRequired": false,
          "composite": true,
          "composites": {
            "client": {
              "realm-management": [
                "query-clients"
              ]
            }
          },
          "clientRole": true,
          "containerId": "690741fd-7d2a-4072-b0a5-126c79911a1c"
        }
      ],
      "security-admin-console": [],
      "acme-orders": [],
      "admin-cli": [],
      "broker": [
        {
          "id": "2a0352be-7ac6-4c66-97e3-119b9e831e73",
          "name": "read-token",
          "description": "${role_read-token}",
          "scopeParamRequired": false,
          "composite": false,
          "clientRole": true,
          "containerId": "781d3f56-7b98-4edd-a9a9-555951745bb5"
        }
      ],
      "account": [
        {
          "id": "1ab3f41d-9cc3-43cb-a062-0796d8fceace",
          "name": "manage-account-links",
          "description": "${role_manage-account-links}",
          "scopeParamRequired": false,
          "composite": false,
          "clientRole": true,
          "containerId": "c94710b6-12e7-430e-8d13-8612b20b87b8"
        },
        {
          "id": "04e36d87-0a8d-4e8f-9c61-45e4fdcdcb05",
          "name": "view-profile",
          "description": "${role_view-profile}",
          "scopeParamRequired": false,
          "composite": false,
          "clientRole": true,
          "containerId": "c94710b6-12e7-430e-8d13-8612b20b87b8"
        },
        {
          "id": "0fed261f-c2c2-45c6-aa1a-6645d9453ae5",
          "name": "manage-account",
          "description": "${role_manage-account}",
          "scopeParamRequired": false,
          "composite": true,
          "composites": {
            "client": {
              "account": [
                "manage-account-links"
              ]
            }
          },
          "clientRole": true,
          "containerId": "c94710b6-12e7-430e-8d13-8612b20b87b8"
        }
      ]
    }
  },
  "groups": [],
  "defaultRoles": [
    "offline_access",
    "uma_authorization"
  ],
  "requiredCredentials": [
    "password"
  ],
  "otpPolicyType": "totp",
  "otpPolicyAlgorithm": "HmacSHA1",
  "otpPolicyInitialCounter": 0,
  "otpPolicyDigits": 6,
  "otpPolicyLookAheadWindow": 1,
  "otpPolicyPeriod": 30,
  "clients": [
    {
      "id": "c94710b6-12e7-430e-8d13-8612b20b87b8",
      "clientId": "account",
      "name": "${client_account}",
      "baseUrl": "/auth/realms/ACME/account",
      "surrogateAuthRequired": false,
      "enabled": true,
      "clientAuthenticatorType": "client-secret",
      "secret": "**********",
      "defaultRoles": [
        "view-profile",
        "manage-account"
      ],
      "redirectUris": [
        "/auth/realms/ACME/account/*"
      ],
      "webOrigins": [],
      "notBefore": 0,
      "bearerOnly": false,
      "consentRequired": false,
      "standardFlowEnabled": true,
      "implicitFlowEnabled": false,
      "directAccessGrantsEnabled": false,
      "serviceAccountsEnabled": false,
      "publicClient": false,
      "frontchannelLogout": false,
      "protocol": "openid-connect",
      "attributes": {},
      "fullScopeAllowed": false,
      "nodeReRegistrationTimeout": 0,
      "protocolMappers": [
        {
          "id": "d5186b84-4298-4c66-b7dd-fe478df43b20",
          "name": "username",
          "protocol": "openid-connect",
          "protocolMapper": "oidc-usermodel-property-mapper",
          "consentRequired": true,
          "consentText": "${username}",
          "config": {
            "userinfo.token.claim": "true",
            "user.attribute": "username",
            "id.token.claim": "true",
            "access.token.claim": "true",
            "claim.name": "preferred_username",
            "jsonType.label": "String"
          }
        },
        {
          "id": "2a07b9b2-1b5e-4adb-89fa-01c0bc5933a3",
          "name": "family name",
          "protocol": "openid-connect",
          "protocolMapper": "oidc-usermodel-property-mapper",
          "consentRequired": true,
          "consentText": "${familyName}",
          "config": {
            "userinfo.token.claim": "true",
            "user.attribute": "lastName",
            "id.token.claim": "true",
            "access.token.claim": "true",
            "claim.name": "family_name",
            "jsonType.label": "String"
          }
        },
        {
          "id": "efb69147-69f7-4fca-868d-8cb3cb7aa7d2",
          "name": "given name",
          "protocol": "openid-connect",
          "protocolMapper": "oidc-usermodel-property-mapper",
          "consentRequired": true,
          "consentText": "${givenName}",
          "config": {
            "userinfo.token.claim": "true",
            "user.attribute": "firstName",
            "id.token.claim": "true",
            "access.token.claim": "true",
            "claim.name": "given_name",
            "jsonType.label": "String"
          }
        },
        {
          "id": "6cebc945-451e-4c41-b1bc-2ea1993b75e4",
          "name": "role list",
          "protocol": "saml",
          "protocolMapper": "saml-role-list-mapper",
          "consentRequired": false,
          "config": {
            "single": "false",
            "attribute.nameformat": "Basic",
            "attribute.name": "Role"
          }
        },
        {
          "id": "6499c489-f39d-4db6-80bc-51d4d20dcf78",
          "name": "email",
          "protocol": "openid-connect",
          "protocolMapper": "oidc-usermodel-property-mapper",
          "consentRequired": true,
          "consentText": "${email}",
          "config": {
            "userinfo.token.claim": "true",
            "user.attribute": "email",
            "id.token.claim": "true",
            "access.token.claim": "true",
            "claim.name": "email",
            "jsonType.label": "String"
          }
        },
        {
          "id": "0027b203-a923-4184-b7a0-2be7f46424f3",
          "name": "full name",
          "protocol": "openid-connect",
          "protocolMapper": "oidc-full-name-mapper",
          "consentRequired": true,
          "consentText": "${fullName}",
          "config": {
            "id.token.claim": "true",
            "access.token.claim": "true"
          }
        }
      ],
      "useTemplateConfig": false,
      "useTemplateScope": false,
      "useTemplateMappers": false
    },
    {
      "id": "ea0d7fb9-480e-4dec-a945-d715b626519b",
      "clientId": "acme-orders",
      "surrogateAuthRequired": false,
      "enabled": true,
      "clientAuthenticatorType": "client-secret",
      "secret": "**********",
      "redirectUris": [
        "http://localhost:9000/*"
      ],
      "webOrigins": [],
      "notBefore": 0,
      "bearerOnly": false,
      "consentRequired": false,
      "standardFlowEnabled": true,
      "implicitFlowEnabled": false,
      "directAccessGrantsEnabled": true,
      "serviceAccountsEnabled": false,
      "publicClient": true,
      "frontchannelLogout": false,
      "protocol": "openid-connect",
      "attributes": {
        "saml.assertion.signature": "false",
        "saml.force.post.binding": "false",
        "saml.multivalued.roles": "false",
        "saml.encrypt": "false",
        "saml_force_name_id_format": "false",
        "saml.client.signature": "false",
        "saml.authnstatement": "false",
        "saml.server.signature": "false",
        "saml.server.signature.keyinfo.ext": "false",
        "saml.onetimeuse.condition": "false"
      },
      "fullScopeAllowed": true,
      "nodeReRegistrationTimeout": -1,
      "protocolMappers": [
        {
          "id": "2ac363e4-f0a4-4346-9614-20ec848128a3",
          "name": "username",
          "protocol": "openid-connect",
          "protocolMapper": "oidc-usermodel-property-mapper",
          "consentRequired": true,
          "consentText": "${username}",
          "config": {
            "userinfo.token.claim": "true",
            "user.attribute": "username",
            "id.token.claim": "true",
            "access.token.claim": "true",
            "claim.name": "preferred_username",
            "jsonType.label": "String"
          }
        },
        {
          "id": "0fd0c883-4dda-4f37-88ff-7ea6b22c999e",
          "name": "given name",
          "protocol": "openid-connect",
          "protocolMapper": "oidc-usermodel-property-mapper",
          "consentRequired": true,
          "consentText": "${givenName}",
          "config": {
            "userinfo.token.claim": "true",
            "user.attribute": "firstName",
            "id.token.claim": "true",
            "access.token.claim": "true",
            "claim.name": "given_name",
            "jsonType.label": "String"
          }
        },
        {
          "id": "19bedf38-5458-4f28-8353-0db8dbdc41ff",
          "name": "full name",
          "protocol": "openid-connect",
          "protocolMapper": "oidc-full-name-mapper",
          "consentRequired": true,
          "consentText": "${fullName}",
          "config": {
            "id.token.claim": "true",
            "access.token.claim": "true"
          }
        },
        {
          "id": "7e9f39ea-04c9-45a2-b379-7154f821f957",
          "name": "role list",
          "protocol": "saml",
          "protocolMapper": "saml-role-list-mapper",
          "consentRequired": false,
          "config": {
            "single": "false",
            "attribute.nameformat": "Basic",
            "attribute.name": "Role"
          }
        },
        {
          "id": "b1ec225f-b593-4ee9-abfc-11b67e3cdd5a",
          "name": "email",
          "protocol": "openid-connect",
          "protocolMapper": "oidc-usermodel-property-mapper",
          "consentRequired": true,
          "consentText": "${email}",
          "config": {
            "userinfo.token.claim": "true",
            "user.attribute": "email",
            "id.token.claim": "true",
            "access.token.claim": "true",
            "claim.name": "email",
            "jsonType.label": "String"
          }
        },
        {
          "id": "11200c2a-f848-4298-946f-b853f333a855",
          "name": "family name",
          "protocol": "openid-connect",
          "protocolMapper": "oidc-usermodel-property-mapper",
          "consentRequired": true,
          "consentText": "${familyName}",
          "config": {
            "userinfo.token.claim": "true",
            "user.attribute": "lastName",
            "id.token.claim": "true",
            "access.token.claim": "true",
            "claim.name": "family_name",
            "jsonType.label": "String"
          }
        }
      ],
      "useTemplateConfig": false,
      "useTemplateScope": false,
      "useTemplateMappers": false
    },
    {
      "id": "de028400-93ca-4ba9-b5d3-209d2d976ecf",
      "clientId": "admin-cli",
      "name": "${client_admin-cli}",
      "surrogateAuthRequired": false,
      "enabled": true,
      "clientAuthenticatorType": "client-secret",
      "secret": "**********",
      "redirectUris": [],
      "webOrigins": [],
      "notBefore": 0,
      "bearerOnly": false,
      "consentRequired": false,
      "standardFlowEnabled": false,
      "implicitFlowEnabled": false,
      "directAccessGrantsEnabled": true,
      "serviceAccountsEnabled": false,
      "publicClient": true,
      "frontchannelLogout": false,
      "protocol": "openid-connect",
      "attributes": {},
      "fullScopeAllowed": false,
      "nodeReRegistrationTimeout": 0,
      "protocolMappers": [
        {
          "id": "f1388cc3-e800-4d08-b88d-7fec75b5d65b",
          "name": "username",
          "protocol": "openid-connect",
          "protocolMapper": "oidc-usermodel-property-mapper",
          "consentRequired": true,
          "consentText": "${username}",
          "config": {
            "userinfo.token.claim": "true",
            "user.attribute": "username",
            "id.token.claim": "true",
            "access.token.claim": "true",
            "claim.name": "preferred_username",
            "jsonType.label": "String"
          }
        },
        {
          "id": "ab618bc4-091a-4638-bd7d-fab123748582",
          "name": "family name",
          "protocol": "openid-connect",
          "protocolMapper": "oidc-usermodel-property-mapper",
          "consentRequired": true,
          "consentText": "${familyName}",
          "config": {
            "userinfo.token.claim": "true",
            "user.attribute": "lastName",
            "id.token.claim": "true",
            "access.token.claim": "true",
            "claim.name": "family_name",
            "jsonType.label": "String"
          }
        },
        {
          "id": "23d3c8d3-79d0-43c6-97a8-8a55ec663205",
          "name": "given name",
          "protocol": "openid-connect",
          "protocolMapper": "oidc-usermodel-property-mapper",
          "consentRequired": true,
          "consentText": "${givenName}",
          "config": {
            "userinfo.token.claim": "true",
            "user.attribute": "firstName",
            "id.token.claim": "true",
            "access.token.claim": "true",
            "claim.name": "given_name",
            "jsonType.label": "String"
          }
        },
        {
          "id": "4b6a2c09-95ee-476c-8e13-e6b85d0bd8e1",
          "name": "email",
          "protocol": "openid-connect",
          "protocolMapper": "oidc-usermodel-property-mapper",
          "consentRequired": true,
          "consentText": "${email}",
          "config": {
            "userinfo.token.claim": "true",
            "user.attribute": "email",
            "id.token.claim": "true",
            "access.token.claim": "true",
            "claim.name": "email",
            "jsonType.label": "String"
          }
        },
        {
          "id": "e0fe474b-25a1-4bc9-890d-2aba2c271b5c",
          "name": "full name",
          "protocol": "openid-connect",
          "protocolMapper": "oidc-full-name-mapper",
          "consentRequired": true,
          "consentText": "${fullName}",
          "config": {
            "id.token.claim": "true",
            "access.token.claim": "true"
          }
        },
        {
          "id": "8e81edfd-409b-4895-a60b-f2c0a3e24e00",
          "name": "role list",
          "protocol": "saml",
          "protocolMapper": "saml-role-list-mapper",
          "consentRequired": false,
          "config": {
            "single": "false",
            "attribute.nameformat": "Basic",
            "attribute.name": "Role"
          }
        }
      ],
      "useTemplateConfig": false,
      "useTemplateScope": false,
      "useTemplateMappers": false
    },
    {
      "id": "781d3f56-7b98-4edd-a9a9-555951745bb5",
      "clientId": "broker",
      "name": "${client_broker}",
      "surrogateAuthRequired": false,
      "enabled": true,
      "clientAuthenticatorType": "client-secret",
      "secret": "**********",
      "redirectUris": [],
      "webOrigins": [],
      "notBefore": 0,
      "bearerOnly": false,
      "consentRequired": false,
      "standardFlowEnabled": true,
      "implicitFlowEnabled": false,
      "directAccessGrantsEnabled": false,
      "serviceAccountsEnabled": false,
      "publicClient": false,
      "frontchannelLogout": false,
      "protocol": "openid-connect",
      "attributes": {},
      "fullScopeAllowed": false,
      "nodeReRegistrationTimeout": 0,
      "protocolMappers": [
        {
          "id": "2cadaf7a-cbe5-48e4-b921-e75d0ea7ee9c",
          "name": "email",
          "protocol": "openid-connect",
          "protocolMapper": "oidc-usermodel-property-mapper",
          "consentRequired": true,
          "consentText": "${email}",
          "config": {
            "userinfo.token.claim": "true",
            "user.attribute": "email",
            "id.token.claim": "true",
            "access.token.claim": "true",
            "claim.name": "email",
            "jsonType.label": "String"
          }
        },
        {
          "id": "b4d64407-be31-40cf-b6fb-751e2f535c48",
          "name": "username",
          "protocol": "openid-connect",
          "protocolMapper": "oidc-usermodel-property-mapper",
          "consentRequired": true,
          "consentText": "${username}",
          "config": {
            "userinfo.token.claim": "true",
            "user.attribute": "username",
            "id.token.claim": "true",
            "access.token.claim": "true",
            "claim.name": "preferred_username",
            "jsonType.label": "String"
          }
        },
        {
          "id": "ee23569e-1633-4604-be13-e2c1a2020772",
          "name": "given name",
          "protocol": "openid-connect",
          "protocolMapper": "oidc-usermodel-property-mapper",
          "consentRequired": true,
          "consentText": "${givenName}",
          "config": {
            "userinfo.token.claim": "true",
            "user.attribute": "firstName",
            "id.token.claim": "true",
            "access.token.claim": "true",
            "claim.name": "given_name",
            "jsonType.label": "String"
          }
        },
        {
          "id": "8d617ab2-b288-42f7-b073-4ef96359ac6d",
          "name": "role list",
          "protocol": "saml",
          "protocolMapper": "saml-role-list-mapper",
          "consentRequired": false,
          "config": {
            "single": "false",
            "attribute.nameformat": "Basic",
            "attribute.name": "Role"
          }
        },
        {
          "id": "5606fc8b-fdf7-4a27-9858-27e87b7f051e",
          "name": "full name",
          "protocol": "openid-connect",
          "protocolMapper": "oidc-full-name-mapper",
          "consentRequired": true,
          "consentText": "${fullName}",
          "config": {
            "id.token.claim": "true",
            "access.token.claim": "true"
          }
        },
        {
          "id": "368f4b82-5ac2-49bb-bbc6-8a71b9401a32",
          "name": "family name",
          "protocol": "openid-connect",
          "protocolMapper": "oidc-usermodel-property-mapper",
          "consentRequired": true,
          "consentText": "${familyName}",
          "config": {
            "userinfo.token.claim": "true",
            "user.attribute": "lastName",
            "id.token.claim": "true",
            "access.token.claim": "true",
            "claim.name": "family_name",
            "jsonType.label": "String"
          }
        }
      ],
      "useTemplateConfig": false,
      "useTemplateScope": false,
      "useTemplateMappers": false
    },
    {
      "id": "690741fd-7d2a-4072-b0a5-126c79911a1c",
      "clientId": "realm-management",
      "name": "${client_realm-management}",
      "surrogateAuthRequired": false,
      "enabled": true,
      "clientAuthenticatorType": "client-secret",
      "secret": "**********",
      "redirectUris": [],
      "webOrigins": [],
      "notBefore": 0,
      "bearerOnly": true,
      "consentRequired": false,
      "standardFlowEnabled": true,
      "implicitFlowEnabled": false,
      "directAccessGrantsEnabled": false,
      "serviceAccountsEnabled": false,
      "publicClient": false,
      "frontchannelLogout": false,
      "protocol": "openid-connect",
      "attributes": {},
      "fullScopeAllowed": false,
      "nodeReRegistrationTimeout": 0,
      "protocolMappers": [
        {
          "id": "97bc8953-e8ff-4443-8492-3fccdea32cec",
          "name": "full name",
          "protocol": "openid-connect",
          "protocolMapper": "oidc-full-name-mapper",
          "consentRequired": true,
          "consentText": "${fullName}",
          "config": {
            "id.token.claim": "true",
            "access.token.claim": "true"
          }
        },
        {
          "id": "233836cf-c1b4-4e8e-8299-009c6c8cbb47",
          "name": "family name",
          "protocol": "openid-connect",
          "protocolMapper": "oidc-usermodel-property-mapper",
          "consentRequired": true,
          "consentText": "${familyName}",
          "config": {
            "userinfo.token.claim": "true",
            "user.attribute": "lastName",
            "id.token.claim": "true",
            "access.token.claim": "true",
            "claim.name": "family_name",
            "jsonType.label": "String"
          }
        },
        {
          "id": "b6de86e5-d770-4596-9393-0fb50c31667f",
          "name": "role list",
          "protocol": "saml",
          "protocolMapper": "saml-role-list-mapper",
          "consentRequired": false,
          "config": {
            "single": "false",
            "attribute.nameformat": "Basic",
            "attribute.name": "Role"
          }
        },
        {
          "id": "521b89f4-6bc8-429f-b464-68741dc828aa",
          "name": "email",
          "protocol": "openid-connect",
          "protocolMapper": "oidc-usermodel-property-mapper",
          "consentRequired": true,
          "consentText": "${email}",
          "config": {
            "userinfo.token.claim": "true",
            "user.attribute": "email",
            "id.token.claim": "true",
            "access.token.claim": "true",
            "claim.name": "email",
            "jsonType.label": "String"
          }
        },
        {
          "id": "9ad483f3-b975-4980-bdfa-fd62b42c182d",
          "name": "given name",
          "protocol": "openid-connect",
          "protocolMapper": "oidc-usermodel-property-mapper",
          "consentRequired": true,
          "consentText": "${givenName}",
          "config": {
            "userinfo.token.claim": "true",
            "user.attribute": "firstName",
            "id.token.claim": "true",
            "access.token.claim": "true",
            "claim.name": "given_name",
            "jsonType.label": "String"
          }
        },
        {
          "id": "6aebcd6c-38df-44e6-87f3-e29ab44c4d42",
          "name": "username",
          "protocol": "openid-connect",
          "protocolMapper": "oidc-usermodel-property-mapper",
          "consentRequired": true,
          "consentText": "${username}",
          "config": {
            "userinfo.token.claim": "true",
            "user.attribute": "username",
            "id.token.claim": "true",
            "access.token.claim": "true",
            "claim.name": "preferred_username",
            "jsonType.label": "String"
          }
        }
      ],
      "useTemplateConfig": false,
      "useTemplateScope": false,
      "useTemplateMappers": false
    },
    {
      "id": "c66935e1-e0e8-4081-bf63-e7ea75f89c9c",
      "clientId": "security-admin-console",
      "name": "${client_security-admin-console}",
      "baseUrl": "/auth/admin/ACME/console/index.html",
      "surrogateAuthRequired": false,
      "enabled": true,
      "clientAuthenticatorType": "client-secret",
      "secret": "**********",
      "redirectUris": [
        "/auth/admin/ACME/console/*"
      ],
      "webOrigins": [],
      "notBefore": 0,
      "bearerOnly": false,
      "consentRequired": false,
      "standardFlowEnabled": true,
      "implicitFlowEnabled": false,
      "directAccessGrantsEnabled": false,
      "serviceAccountsEnabled": false,
      "publicClient": true,
      "frontchannelLogout": false,
      "protocol": "openid-connect",
      "attributes": {},
      "fullScopeAllowed": false,
      "nodeReRegistrationTimeout": 0,
      "protocolMappers": [
        {
          "id": "4c9253e6-a52a-4332-b239-4d18a843f24b",
          "name": "family name",
          "protocol": "openid-connect",
          "protocolMapper": "oidc-usermodel-property-mapper",
          "consentRequired": true,
          "consentText": "${familyName}",
          "config": {
            "userinfo.token.claim": "true",
            "user.attribute": "lastName",
            "id.token.claim": "true",
            "access.token.claim": "true",
            "claim.name": "family_name",
            "jsonType.label": "String"
          }
        },
        {
          "id": "1bdb92b2-3ed4-4159-8a05-9d2f5d437a55",
          "name": "locale",
          "protocol": "openid-connect",
          "protocolMapper": "oidc-usermodel-attribute-mapper",
          "consentRequired": false,
          "consentText": "${locale}",
          "config": {
            "userinfo.token.claim": "true",
            "user.attribute": "locale",
            "id.token.claim": "true",
            "access.token.claim": "true",
            "claim.name": "locale",
            "jsonType.label": "String"
          }
        },
        {
          "id": "bc6277c2-5a8d-4139-9288-c38cf76bfa87",
          "name": "full name",
          "protocol": "openid-connect",
          "protocolMapper": "oidc-full-name-mapper",
          "consentRequired": true,
          "consentText": "${fullName}",
          "config": {
            "id.token.claim": "true",
            "access.token.claim": "true"
          }
        },
        {
          "id": "1f0f572e-e2fb-4c17-b3a0-2a22ad4fb4f8",
          "name": "email",
          "protocol": "openid-connect",
          "protocolMapper": "oidc-usermodel-property-mapper",
          "consentRequired": true,
          "consentText": "${email}",
          "config": {
            "userinfo.token.claim": "true",
            "user.attribute": "email",
            "id.token.claim": "true",
            "access.token.claim": "true",
            "claim.name": "email",
            "jsonType.label": "String"
          }
        },
        {
          "id": "2b98d2ab-7e97-4d9f-8696-106d1fd2e329",
          "name": "role list",
          "protocol": "saml",
          "protocolMapper": "saml-role-list-mapper",
          "consentRequired": false,
          "config": {
            "single": "false",
            "attribute.nameformat": "Basic",
            "attribute.name": "Role"
          }
        },
        {
          "id": "581fe7f1-20df-4915-937e-4083a34cb15c",
          "name": "username",
          "protocol": "openid-connect",
          "protocolMapper": "oidc-usermodel-property-mapper",
          "consentRequired": true,
          "consentText": "${username}",
          "config": {
            "userinfo.token.claim": "true",
            "user.attribute": "username",
            "id.token.claim": "true",
            "access.token.claim": "true",
            "claim.name": "preferred_username",
            "jsonType.label": "String"
          }
        },
        {
          "id": "45a95ebc-372d-4891-860b-0391f5bcbbc9",
          "name": "given name",
          "protocol": "openid-connect",
          "protocolMapper": "oidc-usermodel-property-mapper",
          "consentRequired": true,
          "consentText": "${givenName}",
          "config": {
            "userinfo.token.claim": "true",
            "user.attribute": "firstName",
            "id.token.claim": "true",
            "access.token.claim": "true",
            "claim.name": "given_name",
            "jsonType.label": "String"
          }
        }
      ],
      "useTemplateConfig": false,
      "useTemplateScope": false,
      "useTemplateMappers": false
    }
  ],
  "clientTemplates": [],
  "browserSecurityHeaders": {
    "xContentTypeOptions": "nosniff",
    "xRobotsTag": "none",
    "xFrameOptions": "SAMEORIGIN",
    "xXSSProtection": "1; mode=block",
    "contentSecurityPolicy": "frame-src 'self'; frame-ancestors 'self'; object-src 'none';"
  },
  "smtpServer": {},
  "eventsEnabled": false,
  "eventsListeners": [
    "jboss-logging"
  ],
  "enabledEventTypes": [],
  "adminEventsEnabled": false,
  "adminEventsDetailsEnabled": false,
  "components": {
    "org.keycloak.services.clientregistration.policy.ClientRegistrationPolicy": [
      {
        "id": "1d1f3cca-46ec-43e9-a65f-431051031502",
        "name": "Trusted Hosts",
        "providerId": "trusted-hosts",
        "subType": "anonymous",
        "subComponents": {},
        "config": {
          "host-sending-registration-request-must-match": [
            "true"
          ],
          "client-uris-must-match": [
            "true"
          ]
        }
      },
      {
        "id": "8b29a2a9-7ae7-41b3-8e58-d60f3519c241",
        "name": "Allowed Client Templates",
        "providerId": "allowed-client-templates",
        "subType": "authenticated",
        "subComponents": {},
        "config": {}
      },
      {
        "id": "e71e0593-457d-48d6-9de5-a1995d777495",
        "name": "Allowed Protocol Mapper Types",
        "providerId": "allowed-protocol-mappers",
        "subType": "authenticated",
        "subComponents": {},
        "config": {
          "allowed-protocol-mapper-types": [
            "oidc-usermodel-attribute-mapper",
            "saml-user-attribute-mapper",
            "saml-user-property-mapper",
            "oidc-usermodel-property-mapper",
            "oidc-full-name-mapper",
            "oidc-sha256-pairwise-sub-mapper",
            "oidc-address-mapper",
            "saml-role-list-mapper"
          ],
          "consent-required-for-all-mappers": [
            "true"
          ]
        }
      },
      {
        "id": "4138352e-04d9-49f7-b982-2fe30a00301c",
        "name": "Consent Required",
        "providerId": "consent-required",
        "subType": "anonymous",
        "subComponents": {},
        "config": {}
      },
      {
        "id": "1e4e13a5-c52e-4deb-ab59-990194c7a176",
        "name": "Full Scope Disabled",
        "providerId": "scope",
        "subType": "anonymous",
        "subComponents": {},
        "config": {}
      },
      {
        "id": "6180b8ce-ce56-4151-a058-bd6ed3f24f7e",
        "name": "Max Clients Limit",
        "providerId": "max-clients",
        "subType": "anonymous",
        "subComponents": {},
        "config": {
          "max-clients": [
            "200"
          ]
        }
      },
      {
        "id": "cbfb86d6-102e-4151-9cd8-d0d8ad2d522a",
        "name": "Allowed Protocol Mapper Types",
        "providerId": "allowed-protocol-mappers",
        "subType": "anonymous",
        "subComponents": {},
        "config": {
          "allowed-protocol-mapper-types": [
            "oidc-address-mapper",
            "saml-role-list-mapper",
            "oidc-usermodel-attribute-mapper",
            "oidc-sha256-pairwise-sub-mapper",
            "oidc-usermodel-property-mapper",
            "oidc-full-name-mapper",
            "saml-user-attribute-mapper",
            "saml-user-property-mapper"
          ],
          "consent-required-for-all-mappers": [
            "true"
          ]
        }
      },
      {
        "id": "589eeeff-6023-4f11-b8d2-f2a99142e16d",
        "name": "Allowed Client Templates",
        "providerId": "allowed-client-templates",
        "subType": "anonymous",
        "subComponents": {},
        "config": {}
      }
    ],
    "org.keycloak.keys.KeyProvider": [
      {
        "id": "6f793a88-9610-4ab2-a43f-e6e2bcf29f1f",
        "name": "rsa-generated",
        "providerId": "rsa-generated",
        "subComponents": {},
        "config": {
          "priority": [
            "100"
          ]
        }
      },
      {
        "id": "2b713414-96da-4f1e-a0a6-980038dd4f5e",
        "name": "hmac-generated",
        "providerId": "hmac-generated",
        "subComponents": {},
        "config": {
          "priority": [
            "100"
          ]
        }
      }
    ]
  },
  "internationalizationEnabled": false,
  "supportedLocales": [],
  "authenticationFlows": [
    {
      "id": "af7be5c4-5918-4433-b4f2-77cbe8f9adfd",
      "alias": "Handle Existing Account",
      "description": "Handle what to do if there is existing account with same email/username like authenticated identity provider",
      "providerId": "basic-flow",
      "topLevel": false,
      "builtIn": true,
      "authenticationExecutions": [
        {
          "authenticator": "idp-confirm-link",
          "requirement": "REQUIRED",
          "priority": 10,
          "userSetupAllowed": false,
          "autheticatorFlow": false
        },
        {
          "authenticator": "idp-email-verification",
          "requirement": "ALTERNATIVE",
          "priority": 20,
          "userSetupAllowed": false,
          "autheticatorFlow": false
        },
        {
          "requirement": "ALTERNATIVE",
          "priority": 30,
          "flowAlias": "Verify Existing Account by Re-authentication",
          "userSetupAllowed": false,
          "autheticatorFlow": true
        }
      ]
    },
    {
      "id": "7e020c72-321d-419f-8d4d-df1ea637a151",
      "alias": "Verify Existing Account by Re-authentication",
      "description": "Reauthentication of existing account",
      "providerId": "basic-flow",
      "topLevel": false,
      "builtIn": true,
      "authenticationExecutions": [
        {
          "authenticator": "idp-username-password-form",
          "requirement": "REQUIRED",
          "priority": 10,
          "userSetupAllowed": false,
          "autheticatorFlow": false
        },
        {
          "authenticator": "auth-otp-form",
          "requirement": "OPTIONAL",
          "priority": 20,
          "userSetupAllowed": false,
          "autheticatorFlow": false
        }
      ]
    },
    {
      "id": "4cec201e-6757-44bb-adad-f589faa2c136",
      "alias": "browser",
      "description": "browser based authentication",
      "providerId": "basic-flow",
      "topLevel": true,
      "builtIn": true,
      "authenticationExecutions": [
        {
          "authenticator": "auth-cookie",
          "requirement": "ALTERNATIVE",
          "priority": 10,
          "userSetupAllowed": false,
          "autheticatorFlow": false
        },
        {
          "authenticator": "auth-spnego",
          "requirement": "DISABLED",
          "priority": 20,
          "userSetupAllowed": false,
          "autheticatorFlow": false
        },
        {
          "authenticator": "identity-provider-redirector",
          "requirement": "ALTERNATIVE",
          "priority": 25,
          "userSetupAllowed": false,
          "autheticatorFlow": false
        },
        {
          "requirement": "ALTERNATIVE",
          "priority": 30,
          "flowAlias": "forms",
          "userSetupAllowed": false,
          "autheticatorFlow": true
        }
      ]
    },
    {
      "id": "da1ab862-5904-4b7f-bad6-2e98518503a3",
      "alias": "clients",
      "description": "Base authentication for clients",
      "providerId": "client-flow",
      "topLevel": true,
      "builtIn": true,
      "authenticationExecutions": [
        {
          "authenticator": "client-secret",
          "requirement": "ALTERNATIVE",
          "priority": 10,
          "userSetupAllowed": false,
          "autheticatorFlow": false
        },
        {
          "authenticator": "client-jwt",
          "requirement": "ALTERNATIVE",
          "priority": 20,
          "userSetupAllowed": false,
          "autheticatorFlow": false
        }
      ]
    },
    {
      "id": "99fb6c10-296d-45f6-bcce-8a4d90c11327",
      "alias": "direct grant",
      "description": "OpenID Connect Resource Owner Grant",
      "providerId": "basic-flow",
      "topLevel": true,
      "builtIn": true,
      "authenticationExecutions": [
        {
          "authenticator": "direct-grant-validate-username",
          "requirement": "REQUIRED",
          "priority": 10,
          "userSetupAllowed": false,
          "autheticatorFlow": false
        },
        {
          "authenticator": "direct-grant-validate-password",
          "requirement": "REQUIRED",
          "priority": 20,
          "userSetupAllowed": false,
          "autheticatorFlow": false
        },
        {
          "authenticator": "direct-grant-validate-otp",
          "requirement": "OPTIONAL",
          "priority": 30,
          "userSetupAllowed": false,
          "autheticatorFlow": false
        }
      ]
    },
    {
      "id": "c8d87e51-8ecf-438f-aa0a-894b4a4a4c52",
      "alias": "docker auth",
      "description": "Used by Docker clients to authenticate against the IDP",
      "providerId": "basic-flow",
      "topLevel": true,
      "builtIn": true,
      "authenticationExecutions": [
        {
          "authenticator": "docker-http-basic-authenticator",
          "requirement": "REQUIRED",
          "priority": 10,
          "userSetupAllowed": false,
          "autheticatorFlow": false
        }
      ]
    },
    {
      "id": "e0292700-cdf1-4579-9c2b-75b6040163ba",
      "alias": "first broker login",
      "description": "Actions taken after first broker login with identity provider account, which is not yet linked to any Keycloak account",
      "providerId": "basic-flow",
      "topLevel": true,
      "builtIn": true,
      "authenticationExecutions": [
        {
          "authenticatorConfig": "review profile config",
          "authenticator": "idp-review-profile",
          "requirement": "REQUIRED",
          "priority": 10,
          "userSetupAllowed": false,
          "autheticatorFlow": false
        },
        {
          "authenticatorConfig": "create unique user config",
          "authenticator": "idp-create-user-if-unique",
          "requirement": "ALTERNATIVE",
          "priority": 20,
          "userSetupAllowed": false,
          "autheticatorFlow": false
        },
        {
          "requirement": "ALTERNATIVE",
          "priority": 30,
          "flowAlias": "Handle Existing Account",
          "userSetupAllowed": false,
          "autheticatorFlow": true
        }
      ]
    },
    {
      "id": "4e303136-e011-4067-b96f-c9ef4bebc715",
      "alias": "forms",
      "description": "Username, password, otp and other auth forms.",
      "providerId": "basic-flow",
      "topLevel": false,
      "builtIn": true,
      "authenticationExecutions": [
        {
          "authenticator": "auth-username-password-form",
          "requirement": "REQUIRED",
          "priority": 10,
          "userSetupAllowed": false,
          "autheticatorFlow": false
        },
        {
          "authenticator": "auth-otp-form",
          "requirement": "OPTIONAL",
          "priority": 20,
          "userSetupAllowed": false,
          "autheticatorFlow": false
        }
      ]
    },
    {
      "id": "54f7d38b-2ded-4260-9574-e8da9c3823aa",
      "alias": "registration",
      "description": "registration flow",
      "providerId": "basic-flow",
      "topLevel": true,
      "builtIn": true,
      "authenticationExecutions": [
        {
          "authenticator": "registration-page-form",
          "requirement": "REQUIRED",
          "priority": 10,
          "flowAlias": "registration form",
          "userSetupAllowed": false,
          "autheticatorFlow": true
        }
      ]
    },
    {
      "id": "03dba4ce-67c5-4475-bc09-48d781a727d8",
      "alias": "registration form",
      "description": "registration form",
      "providerId": "form-flow",
      "topLevel": false,
      "builtIn": true,
      "authenticationExecutions": [
        {
          "authenticator": "registration-user-creation",
          "requirement": "REQUIRED",
          "priority": 20,
          "userSetupAllowed": false,
          "autheticatorFlow": false
        },
        {
          "authenticator": "registration-profile-action",
          "requirement": "REQUIRED",
          "priority": 40,
          "userSetupAllowed": false,
          "autheticatorFlow": false
        },
        {
          "authenticator": "registration-password-action",
          "requirement": "REQUIRED",
          "priority": 50,
          "userSetupAllowed": false,
          "autheticatorFlow": false
        },
        {
          "authenticator": "registration-recaptcha-action",
          "requirement": "DISABLED",
          "priority": 60,
          "userSetupAllowed": false,
          "autheticatorFlow": false
        }
      ]
    },
    {
      "id": "f981ea7e-8649-491a-a75e-a999cbbe1255",
      "alias": "reset credentials",
      "description": "Reset credentials for a user if they forgot their password or something",
      "providerId": "basic-flow",
      "topLevel": true,
      "builtIn": true,
      "authenticationExecutions": [
        {
          "authenticator": "reset-credentials-choose-user",
          "requirement": "REQUIRED",
          "priority": 10,
          "userSetupAllowed": false,
          "autheticatorFlow": false
        },
        {
          "authenticator": "reset-credential-email",
          "requirement": "REQUIRED",
          "priority": 20,
          "userSetupAllowed": false,
          "autheticatorFlow": false
        },
        {
          "authenticator": "reset-password",
          "requirement": "REQUIRED",
          "priority": 30,
          "userSetupAllowed": false,
          "autheticatorFlow": false
        },
        {
          "authenticator": "reset-otp",
          "requirement": "OPTIONAL",
          "priority": 40,
          "userSetupAllowed": false,
          "autheticatorFlow": false
        }
      ]
    },
    {
      "id": "3a112582-8ca7-4b6f-b493-ac5a7043e4f4",
      "alias": "saml ecp",
      "description": "SAML ECP Profile Authentication Flow",
      "providerId": "basic-flow",
      "topLevel": true,
      "builtIn": true,
      "authenticationExecutions": [
        {
          "authenticator": "http-basic-authenticator",
          "requirement": "REQUIRED",
          "priority": 10,
          "userSetupAllowed": false,
          "autheticatorFlow": false
        }
      ]
    }
  ],
  "authenticatorConfig": [
    {
      "id": "28ddf1f4-9935-49c5-b568-d0fe972dbcce",
      "alias": "create unique user config",
      "config": {
        "require.password.update.after.registration": "false"
      }
    },
    {
      "id": "2d7c7684-b1c9-4976-b3a6-8e33cc59ccfc",
      "alias": "review profile config",
      "config": {
        "update.profile.on.first.login": "missing"
      }
    }
  ],
  "requiredActions": [
    {
      "alias": "CONFIGURE_TOTP",
      "name": "Configure OTP",
      "providerId": "CONFIGURE_TOTP",
      "enabled": true,
      "defaultAction": false,
      "config": {}
    },
    {
      "alias": "UPDATE_PASSWORD",
      "name": "Update Password",
      "providerId": "UPDATE_PASSWORD",
      "enabled": true,
      "defaultAction": false,
      "config": {}
    },
    {
      "alias": "UPDATE_PROFILE",
      "name": "Update Profile",
      "providerId": "UPDATE_PROFILE",
      "enabled": true,
      "defaultAction": false,
      "config": {}
    },
    {
      "alias": "VERIFY_EMAIL",
      "name": "Verify Email",
      "providerId": "VERIFY_EMAIL",
      "enabled": true,
      "defaultAction": false,
      "config": {}
    },
    {
      "alias": "terms_and_conditions",
      "name": "Terms and Conditions",
      "providerId": "terms_and_conditions",
      "enabled": false,
      "defaultAction": false,
      "config": {}
    }
  ],
  "browserFlow": "browser",
  "registrationFlow": "registration",
  "directGrantFlow": "direct grant",
  "resetCredentialsFlow": "reset credentials",
  "clientAuthenticationFlow": "clients",
  "dockerAuthenticationFlow": "docker auth",
  "attributes": {
    "_browser_header.xXSSProtection": "1; mode=block",
    "_browser_header.xFrameOptions": "SAMEORIGIN",
    "permanentLockout": "false",
    "quickLoginCheckMilliSeconds": "1000",
    "_browser_header.xRobotsTag": "none",
    "maxFailureWaitSeconds": "900",
    "minimumQuickLoginWaitSeconds": "60",
    "failureFactor": "30",
    "actionTokenGeneratedByUserLifespan": "300",
    "maxDeltaTimeSeconds": "43200",
    "_browser_header.xContentTypeOptions": "nosniff",
    "actionTokenGeneratedByAdminLifespan": "43200",
    "bruteForceProtected": "false",
    "_browser_header.contentSecurityPolicy": "frame-src 'self'; frame-ancestors 'self'; object-src 'none';",
    "waitIncrementSeconds": "60"
  },
  "keycloakVersion": "3.3.0.CR2"
}